"Participant ID","Assigned Kegan Stage","Overall
Reasoning","Q1","Q2","Q3","Q4","Q5","Q6","Q7","Q8","Q9","Q10","Q11","Q12","Q13","Q14","Q15","Q16","Q17","Q18","Q19","Q20"
"p01","Stage 4/5","Demonstrates systemic awareness and dialectical thinking
regarding mental models and interpretation.","S4: Updates mental model","S4:
Somatic/rational alignment","S4: Adjusts plans","S4: Distributed credit","S4:
Internal alignment","S4: Updates model","S5: Transitory feelings","S4: Strategy
shift","S4: Explicit articulation","S5: Questions control","S4: Inner
objectives","S4: Inner direction","S4: Intrinsic meaning","S4: Collective
growth","S5: Assesses leverage","S5: Deconstructs terms","S4: Subjective
meaning","S5: Beliefs adaptable","S4: Multiple epistemologies","S4: Epistemic
limits" "p02","Stage 4","Utilitarian systems-thinking demonstrating clear
self-authored values and consequence analysis.","S3: Sympathy","S4: Problem
solving","S4: Course correction","S4: Reinforces methods","S4: Consequence
analysis","S4: Deep connection","S4: Ephemeral continuum","S4: Explores
reasons","S4: Utilitarian/optimization","S4: Retrospects causality","S4:
Contextual analysis","S4: Respects freedoms","S4: Reduces recurrence","S3:
Shared memories","S4: Reduces attachment","S4: Nirvana moment","S4:
Meaning/identity loss","S4: Flexible/non-dogmatic","S4: Hedonic/eudaimonic
analysis","S4: Manages overwhelm" "p03","Stage 3/4","Mix of conventional
interpersonal focus and emerging self-authorship.","S3: Missed something","S4:
Internal wants","S3: Positive focus","S4: Appreciates journey","S3: Understands
feelings","S3: Wants inclusion","S3: Triggers memories","S4: Adapts to
complexity","S3: Hopes for future","S3: Stressful/exciting","S3:
Frustrated/discouraged","S4: Own view","S3: Determination","S3: Team
reliance","S3: Constructive discussion","S3: Determinated","S3: Scared of
change","S3: Future holds","S4: Financial aspects","S3: Relies on intuition"
"p04","Stage 3","Predominantly emotional and conventional relationship-based
reactions.","S3: Trust broken","S3: No good option","S3: Other solution","S3:
Worthwhile","S3: Refusal","S3: Distracted","S3: Difficult","S3: Time to
stop","S3: Takes too long","S3: Anxious","S3: Outraged","S3: Too much
attention","S3: Miserable","S3: Prepares next","S3: Argue","S3: Hero
worship","S3: Torn","S3: Doubts capacities","S3: Hesitates","S3: Doubts company"
"p05","Stage 2/3","Highly concrete and impulsive responses indicating
instrumental and basic socialized reasoning.","S2: Too late","S2: Hard to
choose","S2: Frustrating","S2: Feels good","S2: Unhappy","S2: Shy","S2:
Hard","S2: Annoying","S2: Don't know","S2: Nervous","S2: Frustrated","S3:
Matches expectations","S2: Last minute","S2: Champagne","S3: Protest","S3:
Empathy","S3: Emotional","S2: Confused","S2: Struggles","S3: Double check"
"p06","Stage 3","Interpersonal and normative focus with some self-reflective
elements.","S3: Never the same","S3: Hard to choose","S3:
Disappointed/positive","S3: Pleased/proud","S3: Compromises","S3: Doesn't
forget","S3: Painful","S3: Find something else","S3: Priorities","S3: Doesn't
overthink","S3: Talks to coworkers","S4: Face it/be themselves","S3: Keep
positive","S3: Proud","S3: Point of view","S3: Empathy","S3: Look forward","S4:
Soul of project","S3: Small details","S4: Rational/less impactful"
"p07","Stage 3","Strongly emotional and relational orientation with conventional
expectations.","S3: Betrayed","S3: Mitigated","S3: Disappointed","S3:
Happy","S3: Compliance","S3: Grateful","S3: Hurt","S3: Frustrated","S3:
Serious","S3: Anticipate","S3: Angry/compassionate","S3: Relate","S3:
Payoff","S3: Congrats team","S3: Debate peacefully","S3: Respect","S3:
Heartbreaking","S3: Acceptance","S3: Process opportunities","S4: Dig deeper"
"p09","Stage 2/3","Intense emotional and bodily reactions lacking abstract
systemic framing.","S2: Sad/hurt","S2: Doubt","S2: Cry","S2: Proud/brag","S2:
Don't","S2: Mixed feeling","S2: Hard","S2: Frustrated","S3: Choose me","S2: Try
not to think","S2: Angry","S3: Adjust view","S2: No energy/sad","S2: Center of
attention","S3: Tell them","S2: Guilty/stomach hurt","S2: Souvenir","S2: Not
significantly","S3: Pro/con list","S2: Stressed" "p10","Stage 3","Standard
socialized responses relying on external validation and teamwork.","S3:
Broken","S3: No wrong choice","S3: Try harder","S3: Proud","S3: Think
first","S3: Stressing","S3: Hard","S3: New solutions","S3: Choose what comes
next","S4: Step back","S3: Angry/misunderstood","S3: Pressured","S4: Learn to do
better","S3: Proud of teamwork","S3: Discuss again","S3: Feel bad","S3: Someone
better","S3: Question oneself","S4: Weigh pros/cons","S3: Help right choice"
"p11","Stage 3","Driven by relational expectations and fear of interpersonal
failure.","S3: Disappointed","S3: Fear of regret","S3: Disappointed/angry","S3:
Happy/relieved","S3: Accept if justified","S3: Happy","S3: Hard","S3:
Lost/abandoned","S3: The others","S3: Void","S3: Angry/seek support","S3:
Abandon vision","S3: Disgusted/try again","S3: Proud","S3: Convince others","S3:
Pity/help","S3: Fear next role","S3: Doubt significantly","S3: Bitter
choice","S2: No choice" "p12","Stage 4","Systemic and philosophical framing
focused on self-authored goals and models.","S3: Trust lost","S4: Both
good","S4: Persevere","S5: Sisyphus analogy","S4: Cared about choice","S4:
Course of history","S4: Step to something nicer","S4: Update software","S4:
Gradient descent","S4: Focus on managed","S3: Frustration","S4: Inner
battle","S4: Learn/solutions","S4: Synergies/next challenges","S4: Productivity
drop","S4: Tragedy/admiration","S4: Recreate success","S4: Rooted
environment","S4: Whatever choice is good","S4: Big picture/missing info"
"p13","Stage 3/4","Mix of rational utility and emotional overwhelm indicating
transition.","S3: Nerves","S3: Friends advice/amusement","S3: Frustrated/no big
deal","S3: Proud/happy","S3: Open-minded","S3: Start conversation","S3:
Distracts self","S4: Fix problem/alternative","S4: Purely rational","S4: Accept
lack of control","S3: Frustrated/annoyed","S3: Social pressure","S2: Break
down","S3: Baby/proud","S4: Leave group values","S3: Gratitude","S3:
Sadness/joy","S3: Deeply held beliefs","S4: Heart/reason balance","S4: Gamblers
vs stressed" "p14","Stage 4","Values-driven and objective, balancing instinct
with structured evaluation.","S4: Adjust trust","S3: Gut","S4: Plan B","S3:
Celebrate","S4: Compromise without jeopardizing values","S3: Glad/respect","S3:
Difficult/necessary","S4: Be creative","S4: Duty","S4: Solace in doing
best","S3: Resentment","S4: Objective compromise","S4: Value in hard work","S4:
Praise team","S4: Stand up/reason","S3: Inspiring","S3: Important history","S4:
Welcome change","S4: Pros/cons + instinct","S4: Evaluate situation"
"p15","Stage 3/4","Reflective on cognitive dissonance but swayed by immediate
wellbeing and external groups.","S3: Awful/confused","S3: Follow
decision/value","S3: Confused/stuck","S4: Nitpick/laurels","S4: Counter
compromise","S3: Nice/surprising","S3: Heartwrenching/forgetting","S4: Test old
ways","S4: Affects wellbeing","S4: Ignore doom","S3: Confront/let be","S3:
Follow for wellbeing","S4: Try again/different methods","S4: Responsible as
rest","S4: Flow state vs counter","S3: Well received","S4: Alternative in
spirit","S4: Rationalise beliefs","S3: Friends connection","S3: Blame/gut"
"p16","Stage 4","Rational and self-directed with strong resilience to external
changes.","S3: Disappointed","S4: Analyze purely rationally","S4: Plan
B/C/bounce back","S4: Set new ambitious goal","S4: Evaluate
implications/impact","S4: Adjust speech/gauge interest","S3: Not pleasant","S4:
Resolve problem","S4: Suggest/not force","S4: Minimize impact","S3: Loss of
trust/resentment","S3: Withdraw","S4: Think over/renewed energy","S3:
Proud/celebrate","S4: Share concerns","S3: Touched/selfless","S3:
Nostalgic","S4: Ask questions/find answers","S4: Weigh pros/cons/values","S3:
Stressed/panic" "p17","Stage 3","Short emotional reactions indicating
conventional relational meaning-making.","S3: Hurt","S3: Pick both","S3:
Frustrated","S3: Good","S3: Do","S3: Seen","S3: Hard","S3: Stressful","S3: Do
it","S3: Stressed","S3: Mad","S3: Conflict","S3: Unmotivated","S3: Happy","S3:
Debate","S3: Hopeful","S3: Nostalgic/sad","S4: Mind opening","S3: Right
one","S3: Get info" "p18","Stage 3","Simple relational and emotional responses
reliant on external trust.","S3: Trust broken","S3: Weird","S3:
Disappointed","S3: Relieved","S3: Accept","S3: Seen","S3: Hard","S3:
Nostalgic","S3: Overthink","S3: Frustrated","S3: Small","S3: Can't decide","S3:
Doesn't trust himself","S3: Proud","S3: Talk","S3: Impressed","S3: Sad","S3: Not
prepared","S3: Follow heart","S3: Related to him" "p20","Stage 3/4","Pragmatic
and slightly detached, applying simple models.","S2: Everything is","S4:
Adversarial point of vue","S4: Step back","S3: Work harder","S2: Don't","S2:
Don't care","S3: Don't know how to do goodbyes","S4: Try something else","S4:
Urgency importance matrice","S3: Calm down","S3: Work harder","S4: Merge
both","S3: Move on","S3: Let them celebrate","S3: Tell them","S3: Willing to
sacrifice","S3: No regrets","S2: TRUE","S3: Find worst","S3: Rely on knowledge"
"p21","Stage 3/4","Emerging self-authorship balancing internal judgment with
relational empathy.","S4: Reevaluate relationship","S3: Too long to decide","S3:
Keep going","S3: Excited","S4: Effort to understand","S3: Grateful","S3: Needs
to be accepted","S4: Realize need to change","S3: Hard time deciding","S3: Not
important","S3: Rebel","S3: Crushed","S4: Learn from it","S4: Empower
others","S4: Make argument","S3: Grateful","S3: Sad","S4: Immature not to
accept","S3: More time to choose","S3: Tough choice"
"p22","Stage 3/4","Pragmatic but sometimes absolute or cynical regarding power
dynamics.","S3: Never contact","S3: Heart","S4: Try harder/hope","S2: Not
sure","S2: Would never","S4: Appreciate time/learn","S3: Something
important","S4: New upgrades","S3: Think again","S3: Try and pull it out","S4:
Leave/supervisor always wins","S4: Right thing","S4: Utilize learning","S3:
Celebrate/credit team","S4: Leave group","S4: Compensate it","S4: Politics at
top level","S4: Shouldn't change plan for org","S3: Dreamed of","S3: Never take
decision" "p23","Stage 3","Highly emotional and absolute thinking based on
personal expectations.","S3: Heart broken","S3: None right","S3: Fight
harder","S3: Retire","S3: Won't accept","S3: Confident teaching","S3: Always
hard","S3: Always there to fix","S3: Insecure","S3: Fight for control","S3:
Overreact","S3: Stressed","S4: Not following right approach","S4: Thinks how to
improve","S4: Complete failure","S3: Thinks crazy","S3: Piece of heart
left","S3: Loss of confidence","S3: Hesitate/external opinions","S3:
Uncertainty" "p24","Stage 4","Reflective and principled, using setbacks to grow
independently.","S3: Trust less","S3: Feels good","S4: Lesson learned","S4: Next
challenge/journey","S4: Evaluate/compromise skill","S3: Depends what","S4: Grow
from this","S4: Face criticism/prevent failure","S3: Overthink","S4: Surrender
to current","S4: Accept/supervisor struggles","S4: Compromise skill","S4: Lesson
learned","S4: Thank teammates/unity","S4: Stand ground/proud of qualities","S3:
Reliable","S4: Grow/temporary","S4: Looked thoroughly enough","S4: Path heart
desires","S4: Communicate not informed" "p25","Stage 4","Highly analytical and
principled, optimizing across cost-benefit and true alignment.","S4: Find out
why","S4: Math of cost-benefit","S4: Detect causes","S3: Dopamine/reward","S4:
Turnaround/legal/ethical","S3: Appreciate/return","S3: Hell/philosophical","S4:
What's changed","S4: Math and emotions","S3: Go with flow","S3:
Disappointment","S4: Discuss constructively/math","S4: Find out whats
wrong","S3: True honor","S4: Spread word/led change","S3: Respect/humanity
nature","S3: Anger/disappointment","S4: Comprehensively","S4: Research/fresh
mind","S3: Complete anxiety" "p26","Stage 3","Conventional and hesitant, seeking
external consensus.","S3: Sad but won't tell","S3: Wait until feels right","S3:
Next step","S3: Relieved","S3: Opinions first","S3: Mattered","S3:
Hurts/grateful","S3: New solutions","S3: Elimination","S3: Accept","S3: Tell
colleagues","S3: Swing between two","S3: Question self worth","S3: Thanks
everyone","S3: Convince others","S3: Gain trust","S3: Better role","S3: Planning
skills","S3: Gather information","S3: Not feel at fault" "p28","Stage 3","Casual
and acceptance-based without deep systemic reflection.","S3: Trust gone","S3:
Choose both","S3: Flow","S3: Nice","S3: Wont","S3: Fond","S3: Should be
done","S3: Research","S3: Hardest","S3: Let it go","S3: Figure it out","S3:
Life","S3: Over","S3: Happy","S3: Say out loud","S3: Impressed","S3:
Tragic","S3: Fine","S3: Toss coin","S3: Not easy" "p30","Stage 4","Operates on
systemic logic and self-authored boundaries.","S4: Realize can no longer
trust","S4: Gives most options","S4: Figure out what went wrong","S4: Builds
confidence","S4: Reasonable for both/negotiation","S3: Bring up details
later","S4: Grieve and let go","S4: Try new","S4: Dependencies/options","S4:
Don't believe/try different","S3: Check out","S4: Weight of pleasing
others","S4: Consider importance","S3: Proud","S4: Quietly disagree","S3:
Inspired","S4: Letting go/growth","S4: Enable them to do","S4: Gut
enthusiasm","S4: Rely on experience/fearlessness" "p31","Stage 4","Strategic
analytical framework valuing long-term commitment and objectification.","S3:
Trust diminished","S4: Two-way door","S3: Frustrated","S4: Double down","S4:
Opposite viewpoint","S4: Reinforces confidence","S4: Cycle of life","S4:
Reason/things don't change","S4: Longer term","S3: Full speed ahead","S4:
Normal/everybody experiences","S4: Shrug off expectations","S4: Learned
things","S4: Significant credit/recognize team","S4: Disagree respectfully and
commit","S3: Admiration","S4: Loss for both","S4: Part of growth","S4: Balance
gut and analytical","S4: Support network" "p32","Stage 3/4","Pragmatic
adaptation with growing internal self-direction.","S3: Betrayed","S3: Pick
one","S3: Work with what's on hand","S3: Celebrate","S4: Weigh options","S3:
Happy/pay back","S3: Sad","S4: Find new solutions","S4: Furthest","S4: Keep open
options","S3: Down/not perform","S4: Figure out what's more important","S3:
Doubtful","S3: Validated","S4: Argue against","S3: Value sacrifice","S3:
Sad","S4: Flexible/update views","S3: Hard time deciding","S3: Jump into feels
right" "p34","Stage 3/4","Focuses on prioritization and letting go but remains
emotionally rooted.","S3: Someone hurt","S3: Hard to choose","S4: Open to
possibilities","S3: Satisfying","S4: Fine to compromise","S3: Curious","S3:
Sad","S4: Find other ways","S4: Prioritization","S4: Let go of
expectations","S3: Hard","S3: Conflicting","S4: Learn a lot","S3:
Happy/proud","S4: Show group wrong","S3: Inspired","S3: Good reason","S3:
Control things","S4: Meaningful things","S3: Follow gut"
"p35","Stage 3","Relational and emotional reasoning requiring external
harmony.","S3: Can't trust","S3: Difficult","S3: Stressed","S3: Relieved","S3:
Open","S3: Satisfied","S3: Cry","S3: Frustrated","S3: Overwhelmed","S3:
Anxious","S4: Speak up","S4: Realise expectations don't matter","S4: Not get
discouraged","S3: Toast","S4: Argue respectfully","S3: Sympathise","S3: React
differently","S3: Stressed","S4: No right choice","S4: Gather information"
"p36","Stage 3/4","Succinct and reflective with awareness of shifting
paradigms.","S3: Sad","S3: Tough","S3: Try again","S3: Grateful","S3:
Consider","S3: Surprised","S3: End of chapter","S4: Things change","S3: Decision
paralysis","S3: Life","S3: Awful","S4: Self-awareness","S3: Empathize","S3:
Happy","S3: Conflicted","S3: Touched","S3: Sad","S4: Paradigm shift","S4:
Negotiation","S3: Welcome to my life" "p37","Stage 3","Emotion and safety driven
in response to relational changes.","S3: Unsafe/no trust","S3:
Self-affirmed","S4: Figure out what is wrong","S3: Relived","S4: Threats true
value","S3: Carefully","S3: Sad","S4: Want to know why","S4: Rank
carefully","S4: Manage expectations","S3: Sad","S3: Unease","S3: Sad","S3:
Grateful","S4: Reflect on difference in belief","S3: Admire","S3: Sad","S4: How
thing works","S3: Hard to choose","S3: Unsafe" "p38","Stage 3/4","Reflective and
deliberative, seeking external advice to align values.","S3: Expectation
unfulfilled","S3: Pick any","S4: Reflect","S3: Validated","S4: Consider
carefully","S4: Explain reasoning","S3: Never easy","S4: Try different","S4:
Think of values","S4: Reevaluate if right","S3: Consult advisors","S4: Discuss
it","S4: Try another idea","S3: Heroine","S4: Bring up with leader","S3:
Acknowledge person","S3: Goodbye party","S4: Understand themselves better","S3:
Consult advisors","S4: Act with courage" "p39","Stage 3/4","Pragmatic and
learning-oriented approach to disruption.","S3: Betrayed","S3: Simplest
solution","S4: Figure out why","S4: Figure out why worked","S4: Costs least/do
better later","S3: Don't care","S4: Passes","S4: Approach differently","S3:
Creation","S4: Focus on other things","S3: Lose trust","S4: Conformity/right
reasons","S4: Learn from it","S3: Too","S2: ?","S3: Sympathizes","S3: Costs
personally","S4: What is beliefs","S4: Life is gamble","S4: True of decisions"
"p40","Stage 4","Self-authored value system integrating flexibility and
objective learning.","S3: Trust does not return","S3: Never wrong","S4: Learn to
be flexible","S3: Celebrate","S3: Expect same","S3: Good","S3: Life","S4: Learn
why to fix","S4: Seed","S3: Relax","S3: Nightmare","S3: Harder/rewarding","S4:
Learn/improve/try again","S4: Credit as peer","S4: Good arguments/accept
wrong","S3: Shout out","S4: Let it go","S4: Pivot point","S3: Never be
wrong","S4: Path of discoveries" "p41","Stage 3","Emotionally overwhelmed by
external pressures.","S3: Depressed","S3: Difficulties","S3: Goes wrong","S3:
Joy","S3: Burden","S3: Stressed/happy","S3: To me","S3: Find some fix","S3:
Hard","S3: Best/let go","S3: Disagree","S3: Pressure","S3: Not right","S3: Say
something","S4: Launch debate","S3: Encouraged","S3: Not happy","S3: On
themselves","S3: Difficult choice","S3: Challenging task"
"p42","Stage 3","Passive relational stance reliant on external harmony.","S3:
Relationship ends","S3: Right way","S3: Despaired","S3: Emotional","S3:
Carefully","S3: Careful","S3: To me a lot","S3: Another method","S3: Listen to
heart","S3: Let it go","S3: Angry discretely","S3: Calm contemplate","S3:
Depressed","S3: Proud","S4: Discuss","S3: Grateful","S3: Difficult","S3:
Faired","S3: Suggestions","S3: See what happens" "p43","Stage 4","Reflective and
philosophical, analyzing context and internal states.","S3: Hurt","S4: Ask
advice","S4: Seek why","S3: Enjoy","S4: Pause/think","S4: Worthy","S3:
Important","S4: Contemplation","S4: Think","S4: Let go","S4: Context
primord","S4: Answers within","S4: Gaining something","S4: Shouldn't make about
themselves","S4: Healthy way","S3: Take note","S4: Part of them","S4: Life's
interests","S4: Big picture","S4: Articulate around what they don't know"
"p44","Stage 4","Highly self-authored and detached with systemic acceptance of
change.","S3: Hate it","S4: Choose path","S4: Adapt/engine","S3: Enjoy","S4:
Break everything","S3: Expectation","S3: Avoid","S4: Find new way","S4: What do
I want","S4: Don't engage where can't control","S4: Deal with it","S4: No big
deal","S4: Bypass jury","S4: Congratulate","S2: Don't understand","S4:
Recognize/suggest change","S4: Next train","S4: Get used to change","S4:
Pros/cons","S4: Risk/opportunity" "p45","Stage 3/4","Analytical framework
applied to conventional problems.","S3: Betrayed","S4: Pros and cons","S4:
Pivot","S3: Happy","S3: OK","S3: Matters","S3: Doable","S4: Change it","S3:
Gut","S4: Embrace it","S3: Demotivating","S4: Depends on background","S4:
Normal/cannot control","S3: Speech","S3: Rebel","S3: Help","S4: Something
new","S4: Flexibility","S4: According to values","S4: Best they can"
"p46","Stage 3","Conventional emotional dependence.","S3: Trust broken","S3:
Make both","S3: Fine good","S3: Reward","S3: Gain","S3: Thank","S3: Takes
time","S4: New path","S3: Heart","S3: Enjoy ride","S3: Humiliated","S3:
Lost","S3: Deceptive","S3: Proud","S3: Convince","S3: Same","S3: Wise","S4:
Resilience","S3: Heart","S3: Brain" "p48","Stage 3","Relational and emotionally
reactive to external validations.","S3: Not trustworthy","S3: Logical","S4:
Another plan","S3: Happy","S3: Do my best","S3: Appreciate","S3: Sad","S4: Make
it work again","S3: Satisfied","S3: Sad","S3: Upset","S3: Take others point of
view","S3: Sad","S3: Proud","S4: Convince","S3: Ask consciously","S4: See
opportunities","S3: Not able to change","S3: Heart drives","S3: Stressful"
"p49","Stage 3/4","Logical but emotionally rooted in direct external
relationships.","S4: Understand why","S3: Pick first","S4: Better
alternative","S3: Glad","S4: Without betraying myself","S3: Satisfied","S4:
Evolved","S4: Look for cause","S4: Pros and cons","S4: Second option","S3: Say
nothing","S3: Comply","S3: Demotivated","S3: Proud","S3: Silent","S3:
Touched","S3: Sad","S3: Nothing","S2: Randomly","S4: Adapt quickly"
"p50","Stage 4","Systems perspective focusing on expected value and clear
objectivity.","S4: Lower expectations","S4: Measure","S4: Life goes","S3:
Satisfying","S4: Expected value","S2: To what","S4: Best option given","S4:
Change to get different results","S4: Simulate orderings","S4: Cannot
control","S4: Tell supervisor","S4: Acknowledge projections of
insecurities","S3: Fail","S3: Celebrating","S4: Bring down/talk","S4: Think
nice/taken advantage","S4: Lost for a bit","S4: Actionable result of
beliefs","S4: Pugh chart","S4: Expected value and commit"
"p51","Stage 3","Relies on conventional wisdom and dramatic emotional
framing.","S3: No turning back","S3: Difficult to choose","S3:
Disappointment","S3: Satisfaction","S3: Worth it","S3: Seriously","S3:
Hard","S4: Law of life/Eternity doesn't exist","S4: Prioritize least like","S3:
Go with flow","S4: Be strong","S4: Not clear-headed","S4: Analyze
why/learn","S3: Proud","S4: Convincing arguments","S3: Heart breaks","S3:
Grief","S3: Surprises","S3: Coin","S4: Ambitious/irresponsible"
"p52","Stage 3","Simple and action-oriented conventional responses.","S3: Trust
disappears","S2: Cheapest","S3: Start again","S3: Happy","S3: Commitment","S3:
Focus","S4: Learn","S4: New way","S3: Hardest","S3: Wait and see","S4:
Report","S4: Explain","S3: Start again","S3: Celebrate","S4: Convince","S3:
Highlight","S3: Look forward","S4: Change plans","S4: Search new reason","S4:
Complete information" "p53","Stage 3","Basic emotional labeling reacting to
direct events.","S3: Angry","S3: Better","S3: Dissapointed","S3: Fulfilled","S3:
Scares","S3: Satisfied","S3: Relieved","S3: Disappointed","S3: Hesitant","S3:
Nervous","S3: Frustrated","S3: Stressed","S3: Frustrated","S3: Euphoric","S3:
Discomfort","S3: Grateful","S3: Mixed","S3: Doubts","S3: Stressful","S3:
Insecure" "p54","Stage 4","Focuses on optimization, reflection, and maintaining
boundaries using data.","S3: Sad","S4: Maximize reward","S4: Make better","S3:
Rewarding","S4: Expect same","S4: Do better","S3: Hurts","S3: Frustrated","S4:
Evaluate all plans","S4: Prepare worst","S4: Raise concerns","S4: Accommodate
without sacrifice","S4: Reflect and learn","S4: Recognition","S4: Prove wrong
with data","S4: Same standard","S4: Reflect and adapt","S4: Change
accordingly","S3: Gut","S4: Commit with information" "p55","Stage 3","Persistent
yet conventional in relying on team harmony and standard reactions.","S3:
Lost","S3: Difficult","S4: Keep trying","S3: Fulfilling","S4: Best for
everyone","S3: Smile","S3: Difficult","S4: Times changed","S4: Think
deeply","S3: Don't worry","S4: Speak out","S4: Needs self-confidence","S4: Pay
off","S4: Responsible","S4: Communicate point of view","S3: Like that
person","S4: Best","S3: Start again","S4: Pros and cons","S3: Risky"
"p57","Stage 3","Prone to emotional distress and guilt tied to
expectations.","S3: Hurt","S3: Pursue both","S3: Blame myself","S3:
Celebrate","S3: Not ideal","S3: Relieved","S3: Hurts","S3: Frustrating","S3: Not
easy","S3: Breathe","S4: Communicate","S4: Existential crisis","S4: Justify
effort","S3: Congratulated","S4: Talk to group","S3: Curious","S3: Sad","S3:
Permanently","S3: Heart","S4: Left to chance" "p58","Stage 4","Uses systems
frameworks (7 stages, entropy) to philosophically accept changes.","S4:
Rebuild","S3: Gut","S4: Accepting","S3: Break","S3: Happy","S4: Repay
attention","S4: 7 stages of grief","S4: What works now","S3: Intuition","S4:
Chaos/Entropy","S4: Complain/make change","S4: Draw line","S4: Fail better","S3:
Celebrate","S4: Protest/leave","S4: Brave/foolish","S4: 7 stages","S4: Accepting
change/constant","S3: Spouse advice","S4: Intuition richer with info"
"p59","Stage 3","Highly emotional conventional interpretation of events.","S3:
Truth is too","S3: Feel better","S3: Great","S3: Gratitude","S3: Hard","S3:
Intrigued","S3: Heartbreaking","S4: New ways","S4: Logically/heart","S4: Trust
process","S3: Rebel","S3: Hard to take","S3: Hard to bounce back","S3:
Proud","S4: Withdraw","S3: Esteem","S3: Nostalgic","S3: To a certain point","S3:
Heart","S3: Hesitate" "p61","Stage 3","Casual and somewhat avoidant of depth or
systemic implications.","S3: Betrayed","S3: Something off","S3: Differently next
time","S3: Exciting","S3: Quiet and do it","S3: Refreshed/nothing","S3:
Hard","S3: Something else","S4: Logical/simplest","S3: Frustrating","S4: Choose
what you want","S4: Self-exploration","S4: Pick themselves up","S3: Good","S4:
Leave if can't stand","S3: Cool","S3: Hard","S4: Growing","S3: Enjoy","S4: Adapt
based on new info" "p63","Stage 3","Cynical and casual with scattered
instrumental focus.","S3: Trust broken","S3: Heart","S3: Hope","S3: Work","S3:
Wont","S3: Stop","S3: Life","S3: Bigger hammer","S3: Heart","S3: Next
happen","S4: Wrong job","S4: Third way/grow","S3: Normal","S3: Pizza","S3: Slink
away","S4: Nostalgic beauty joy","S2: Iraq","S3: Prior plans","S2: Pays
better","S3: Do your best" "p64","Stage 3","Direct, action-oriented, and
conventionally problem-solving.","S3: Trust broken","S3: Manage two","S3: Try
again","S3: Celebrate","S4: Clever way","S3: Focus","S4: Accept/move
forward","S4: Make it work","S4: Least enjoy first","S3: Joy","S3: True","S3:
Their problem","S4: Guidance/encourage","S3: Acknowledge","S3: Fight","S3:
Thankful","S3: Choice","S3: Life","S3: Joy","S3: Act like you know"
"p65","Stage 3","Reflective but predominantly rooted in conventional
acceptance.","S3: Cannot be made again","S4: Catch","S4: Delusional","S4: Focus
on matters","S4: Re evaluate expectations","S3: Embarassed/propose","S3:
Heartrending","S4: Time has come","S3: Family","S3: Work out fine","S3: Shut
off","S4: Choose what matter","S3: Life","S3: Pride","S4: Learn if
right/matters","S3: Empathy","S4: Better person","S4: Good way","S3: Good
choice","S3: Life" "p68","Stage 4","Balanced and reflective, employing critical
analysis and flexibility.","S3: Shaken","S3: Both","S4: Make most","S3:
Celebrate","S4: Compromise","S3: Reassured","S3: Bitter","S3: Betrayal","S4:
Think it through","S4: Surrender","S4: Bring it up","S4: Reflect
critically","S4: Learn from mistake","S3: Share","S4: Bring it up","S3:
Gratitude","S3: Sad","S4: Flexible","S4: Combine both","S4: Stop and think"
"p69","Stage 4","Systemic and analytical, diagnosing underlying mechanics.","S3:
Angry","S4: Best one","S4: Analyze why","S3: Best feelings","S4: Fair","S3:
Focused","S3: Hard","S4: Addapt","S4: Organice priorities","S4: Relaxed/can't do
anything","S4: Intolerance of injustice","S4: Own personality/listen","S4:
Proud","S4: Distribute responsability","S4: Consider all points","S4: Humanity
alive","S4: Shows maturity","S4: Hardcoded in brain","S5: Hidden info/decision
reveals","S4: Discover walking the way" "p71","Stage 3","Highly reliant on basic
emotional labels and hesitation.","S3: Frustrated","S3: Hesitate","S4:
Analyse","S3: Happy","S4: Better choice","S3: Nervous/happy","S3: Painful","S3:
Curious","S3: Hesitate","S3: Exciting/nervous","S3: Angry","S3:
Frustration","S3: Frustration","S3: Reward","S4: Align direction","S3:
Touched","S3: Sad","S3: Believed true","S3: Hesitate","S4: Trust judgment"
"p73","Stage 3/4","Seeks external frameworks and guidance to manage
ambiguity.","S4: Think why","S3: Others' opinions","S4: Went wrong","S3:
Celebrate","S4: Think why","S3: Credit","S3: Difficult","S3: Grieve","S4:
Implications","S3: Stressed","S4: Anything we can do","S4: Mentor
perspective","S4: Luck","S3: Proud","S4: Bring thought up","S3: Appreciate","S3:
Time to get back up","S3: Worth it","S4: Helpful in long run","S4: AIs/mentors"
"p74","Stage 3","Concrete action and emotion with limited systemic
reflection.","S3: Rest","S3: Better one","S4: Cause","S3: Over","S3: Go
along","S3: Uncomfortable","S3: Painful","S4: Another option","S4: Time each
task","S4: Move on","S3: Wronged/no action","S3: Meet expectations","S4: Discuss
reason","S3: Relieved","S4: Honestly say","S3: Thankful","S3: Memorable","S4:
Think again","S4: Meaningful","S3: Do best" "p75","Stage 3","Mixed conventional
responses indicating stress in ambiguity.","S3: Not stressed","S3: Either
one","S4: Did wrong","S3: Celebrated","S4: Deep on choices","S3: Surprised","S3:
Hard","S2: Magic","S3: Without hesitation","S4: Enjoy freedom of not
knowing","S4: Raise objection","S4: In between","S4: Hard work does not
guarantee","S3: Party","S4: Leave group","S3: Affects them","S3: Souvenir","S4:
No plans perfect","S3: Long time","S3: Stressed" "p77","Stage 4/5","High
self-authorship evaluating the limits of knowing and systemic context.","S4:
Information for future","S4: Not thinking enough","S4: Reassess premises","S4:
Find new goal","S4: Counter to values/signal","S3: Gratifying","S3:
Difficult","S4: Cycle of life","S4: Defining what matters","S4: Focus on
control","S4: One-sided story","S4: Ego or knowledge","S4: 10,000 ways","S4:
Shared joy","S4: Grand scheme","S5: Stupidity or beautiful","S4:
Circumstances","S4: Confronted to reality","S4: Measurement system","S5: What I
don't know I don't know" "p78","Stage 3","Relational dependency leading to
confusion during dissonance.","S3: Hurt/expectations","S3: Toss to pick","S4:
Fix in future","S3: Happy","S3: Compromise sometimes","S4: Conscious","S3: Time
to digest","S4: Adapt/replacement","S3: Pick best","S3: Move on","S4:
Escalate","S3: Suffered","S4: Correct it","S3: Happiest","S2: Confused","S4:
Educate them","S3: Heavy heart","S3: Digest/adapt","S3: Ask loved ones","S3:
Seek help" "p79","Stage 4","Systemic principles focusing on impact,
adaptability, and trajectory.","S3: Betrayed","S4: Personal/meaningful","S4:
Adapt/change paths","S3: Satisfaction","S4: Weigh prons/cons","S3: Needed","S3:
Hard to let go","S4: Trajectory","S4: Moves closer to goals","S4: Move on","S3:
Overwhelmed","S4: Conflict of view","S4: Learning step","S3: Thankful","S4:
Raise concerns","S4: Recognize effort","S4: Content/not in control","S4: Adapt
thinking","S4: Greatest impact","S4: Step forward" "p82","Stage 3/4","Direct,
sets self-authored boundaries but highly affected emotionally.","S4: Stop
trusting","S4: Pick one/stop guessing","S3: Stings","S3: Finally","S4: Depends
who's asking","S3: Self-conscious","S3: Never gets easier","S4: Figure something
else out","S4: Gut/overthinking","S4: Let it go","S3: Stay quiet","S3: Lose
sleep","S4: Act fine/not fine","S4: Sees what went wrong","S4: Speak up/let it
go","S3: Respect/guilt","S3: Pieces behind","S4: Hurts more than change","S3:
Wonder about other","S4: Breath and move" "p84","Stage 2/3","Helpless and
confused responses showing difficulty managing ambiguity.","S2: What should I
do","S2: Confused","S3: Disappointed","S3: Relieved","S2: How should I
deal","S3: Uncomfortable","S3: Teary-eyed","S3: Overwhelmed","S4: Least
cost","S3: Let it go","S4: Leave","S3: Hesitant","S3: Hesitantion","S3:
Pleased","S3: Betray","S3: Guilty","S3: More important thing","S3: Future","S4:
Matter to them","S3: Strong enough" "p85","Stage 3","Simple, reactive, and
conventional responses to dissonance.","S3: Lose trust","S3: Hard to
choose","S3: Push through","S3: Tell someone","S4: Consider situation","S3: Not
surprised","S3: Hard","S3: Disturbed","S3: Loss","S3: Not happy","S3: Lash
out","S4: Reconsider","S3: Disappointed","S3: Proud","S3: Put up with it","S3:
Grateful","S3: Hard","S3: Might not","S3: Difficult","S4: Paralysis"
"p86","Stage 4","Abstract and philosophical, analyzing society and ideological
systems.","S3: Tears","S4: Identity shines","S4: Real world","S4: Reap what you
sowed","S4: Nobody would know","S4: Pay attention to attention","S4: Move
forward","S4: Find it","S3: Love wins","S4: Agency","S4: Consult friends","S4:
Social-chemical reaction","S4: Building/ashes","S3: Champaign","S4: Call
meeting","S4: Ripples of kindness","S3: Miss them too","S5: Social role
impacting belief/public sphere","S3: Delicious food","S4: Courage"
"p87","Stage 3/4","Values-based framing anchored strongly in religious or
conventional ideology.","S3: Disappointed","S4: Heart really wants","S3: God's
will","S3: God helped","S3: Family only","S3: Real attention","S3: Aches
heart","S4: Adapt/evolve","S4: Prioritize what matters","S4: Not in hands","S4:
Take action/walk away","S4: True to values","S4: Lesson to grow","S4: Recognize
leadership/team","S4: Voice concerns/solution","S3: Acknowledge","S4:
Detour/opportunities","S4: Adapt beliefs","S3: Instinct","S4: Thoughtful
decision" "p88","Stage 3","Emotionally overwhelmed without clear internal
structures for coping.","S3: Hurt","S3: Lose something","S3: Doubt","S3:
Relieved","S3: Compromise","S3: Privacy invaded","S3: Tough","S3: Panicked","S3:
Like most","S3: Live peacefully","S3: Pissed off","S3: Live with it","S4:
Doubting themselves","S3: Proud","S3: Uncomfortable","S3: Don't notice","S4:
Nothing permanent","S3: Unsettled","S4: Overwhelmed vs best option","S4:
Carefully" "p89","Stage 3","Directly emotional and externally focused on
situational outcomes.","S3: Betrayed","S3: Paralysed","S3: Sadness","S3:
Gratitude","S3: Okay","S3: Valuable","S3: Hard","S4: New way","S4:
Priorities","S4: Let go","S3: Anger/sadness","S4: Depends","S4: Other
factors","S3: Celebrated","S4: Talk","S3: Bravest","S4: Part of life","S4:
Unfamiliar/growing","S4: Talk","S3: Tough" "p66","Stage 3","Social and emotional
orientation relying on peers for processing.","S3: Loose trust","S3: Happy","S3:
Call friend","S3: Music","S4: Greater good","S3: Understood","S4: Moss on forest
floor","S3: Dream","S3: Glad","S4: Pushed by waves","S4: Show perspective","S4:
Support view","S4: Serendipitous","S3: Joyful","S4: Is this their group","S3:
Cry","S4: Wonder reasons","S3: Sport","S3: Sleep/feeling","S3: Life"
"p90","Stage 2","Repetitive and unreflective instrumental evasion across all
questions.","S2: Wondering why","S2: Wondering why","S2: Wondering why","S2:
Wondering why","S2: Wondering why","S2: Wondering why","S2: Wondering why","S2:
Wondering why","S2: Wondering why","S2: Wondering why","S2: Wondering why","S2:
Wondering why","S2: Wondering why","S2: Wondering why","S2: Wondering why","S2:
Wondering why","S2: Wondering why","S2: Wondering why","S2: Wondering why","S2:
Wondering why" "p91","Stage 3/4","Emotional core attempting to utilize logical
cost-benefit frameworks.","S3: Heart broken/years","S4: Weigh pros/cons","S4:
Pause/resume","S4: Cherish/consistency","S4: Better for two parties","S3:
Happy","S4: Accept time","S3: Cry/burst","S4: Better alternative","S4: Give
in","S4: Explain/rid supervisor","S4: Weigh cost/curve","S4: Sun/wait","S3:
Celebrated","S4: Stand by belief","S4: Tell if worth","S4: Good memories","S2:
NA","S4: Better growth","S4: Responsibility" "p70","Stage 3/4","Reflective on
process, attempting to ground expectations internally.","S3: Lose trust","S4:
Relieved to make decision","S3: Let down","S3: Relieved","S4: Understand
why","S3: Grateful","S4: Inherently happens","S4: Natural process/painful","S4:
Priorities","S4: Control other factors","S3: Confused","S4: Focus on
needs/ground","S4: Part of process","S3: Happy","S4: Help group sees","S4: Fact
they can see matters","S4: Means a lot gained","S3: Emotional difficulty","S4:
Meaningful personally","S4: Risk-taking" "p76","Stage 4","Self-authored,
principled, and philosophical, establishing clear personal boundaries.","S3:
Trust broken","S4: Meditate","S4: Reassess","S3: Exciting","S4: Healthy
relationships/boundaries","S3: Happy","S3: Hard","S4: Nature is change","S4:
Essential tasks","S4: Control over myself","S4: Clear miscommunications","S4:
Make peace with yourself","S4: Quoting Roosevelt/arena","S4: Credits for
whole","S4: Speak truth","S4: Healthy balance","S3: Bittersweet","S4: Forge
identity","S4: Meditate","S4: Honor commitments" "p60","Stage 4","Actionable
self-authorship, accepting responsibility and systemic conditions.","S3:
Friendship lost","S3: Feel good","S4: New goals","S3: Relax","S4: Find out
why","S3: Grateful","S3: Hard","S4: Find new way","S4: Chose","S3: Wait","S4:
Talk","S4: Asses yourself","S4: Tried and learned","S3: Happy","S4:
Discuss","S4: Wonder why","S3: Hard","S3: Humanity","S4: Emotions/impact","S4:
Take responsibility" "p56","Stage 4","Strategic, balanced, self-authoring logic
seeking factual foundations.","S3: Frustrated","S4: Doubtful","S4:
Solutions","S3: Shout out","S4: Reset expectations","S4: Self conscious","S4:
Learn/move on","S4: Accept/adapt","S4: Clear criteria","S3: Accept","S4: Broader
context/trusted parties","S4: Reflect/negotiate","S4: Channel feelings","S4:
Compensate team","S4: Share views with data","S4: Respect choices","S4: Keep
terms/move on","S4: Change is life","S4: Factual criteria","S4: Reversible"
"p83","Stage 4/5","Highly abstract and dialectical, demonstrating
self-transforming awareness of conflicts of future versions.","S4: Commitment as
preference","S4: No wrong path","S4: What is teaching me","S4: Deep breath","S4:
Peace of mind/values","S3: Listen","S4: Returning gift","S4: Time to
outgrow","S4: Mental peace","S4: Focus on peace","S4: Shift focus to leave","S5:
Asked to choose themselves","S4: Work remains inside","S4: Let team own
spotlight","S4: Resist/yield","S4: Seeds of courage","S5: Exit as
evolution","S5: Shattering comfort","S5: Conflict between versions of
future","S5: Action turns unknown to understood" "p72","Stage 3","Conventional
and somewhat resigned dependence on external feelings and friends.","S3: Breaks
heart","S3: Flip coin","S4: Remind myself","S4: Rely on yourself","S4:
Fight","S3: Smile","S3: Breaks heart","S4: Start fresh","S4: Write on
paper","S4: Deep breath","S3: Leaving","S4: Inner voice","S3:
Heartbreaking","S3: Amazing job","S4: Speak up","S3: Thankful","S3: Empty","S4:
Needs to be done","S3: Consult friends","S3: Most decisions"
"p92","Stage 3/4","Pragmatic focus moving from emotional states to core
task-oriented solutions.","S3: Loose trust","S3: Both","S4: Move on","S3:
Grateful","S4: Compromise values","S3: Happy","S4: Trust process","S4: Bridge
what is needed","S3: Quickly","S3: Move on","S4: Details","S4: Core of whats
most important","S4: Learn","S3: Recognition","S4: Speak up or shrink","S4: Good
person or push over","S4: Loose identity","S3: Shocking","S4:
Pluses/minuses","S4: Life" "p81","Stage 4/5","Strategic focus evaluating
long-term systemic principles, compounds, and deep identity shifts.","S4:
Pause/reassess","S4: Longer-term direction","S4: Signal missed","S4:
Validation/shift","S4: Core principle vs surface","S4: Responsibility","S4:
Closing chapter","S4: Level of problem changed","S4: Long-term impact","S4:
Positioning","S4: Acknowledgment","S4: Authenticity vs consequence","S4:
Misdirected vs incomplete","S4: Depended on others","S4: Cost of staying
silent","S4: Truly values","S4: Identity shifts","S5: Re-evaluate stable
thought","S5: Compounds vs impresses","S5: Accept uncertainty"
